Date,Minimum temperature (째C),Maximum temperature (째C),Rainfall (mm),Evaporation (mm),Sunshine (hours),Direction of maximum wind gust ,Speed of maximum wind gust (km/h),Time of maximum wind gust,9am Temperature (째C),9am relative humidity (%),9am cloud amount (oktas),9am wind direction,9am wind speed (km/h),9am MSL pressure (hPa),3pm Temperature (째C),3pm relative humidity (%),3pm cloud amount (oktas),3pm wind direction,3pm wind speed (km/h),3pm MSL pressure (hPa),timestamp,rain_next
2024-04-1,15.0,27.6,0.0,2.6,10.5,ESE,35.0,03:18,18.5,51,2.0,E,17,1026.9,26.9,31,1.0,SE,9,1022.6,2024-04-01,0
2024-04-2,14.3,29.5,0.0,10.2,10.7,ENE,28.0,07:36,18.5,54,0.0,E,11,1026.2,28.8,29,0.0,SSE,6,1022.6,2024-04-02,0
2024-04-3,14.2,29.8,0.0,6.6,10.6,NE,31.0,10:15,19.8,48,1.0,E,9,1026.7,29.4,25,1.0,ESE,11,1023.1,2024-04-03,0
2024-04-4,16.2,30.6,0.0,7.2,7.7,E,48.0,22:00,21.9,35,7.0,NE,11,1023.9,30.5,22,6.0,ENE,9,1019.2,2024-04-04,0
2024-04-5,16.1,33.6,0.0,7.4,10.7,NE,31.0,08:39,24.2,34,6.0,NE,13,1017.8,32.7,13,1.0,SW,11,1014.0,2024-04-05,0
2024-04-6,15.9,34.5,0.0,11.8,7.4,NE,24.0,14:09,23.1,33,7.0,ENE,6,1015.8,33.2,21,5.0,WSW,9,1012.7,2024-04-06,0
2024-04-7,16.8,36.5,0.0,8.2,10.5,E,44.0,22:25,24.0,35,6.0,ESE,7,1015.3,35.6,12,3.0,ESE,13,1012.4,2024-04-07,0
2024-04-8,17.1,29.2,0.0,9.6,10.5,ENE,39.0,06:59,21.3,54,0.0,E,15,1022.8,28.6,32,0.0,E,15,1020.4,2024-04-08,0
2024-04-9,14.6,27.4,0.0,8.4,10.1,ENE,50.0,16:55,18.6,56,2.0,E,13,1024.9,26.9,31,5.0,ESE,11,1020.6,2024-04-09,0
2024-04-10,15.4,28.1,0.0,7.2,10.6,NE,31.0,09:48,20.2,48,0.0,ENE,11,1023.4,27.6,27,0.0,E,11,1020.1,2024-04-10,0
2024-04-11,16.0,28.5,0.0,8.2,10.5,E,31.0,00:23,20.2,42,0.0,ENE,13,1023.1,27.6,27,1.0,E,9,1019.5,2024-04-11,0
2024-04-12,15.7,26.4,0.0,7.2,5.7,ENE,30.0,00:52,20.9,52,3.0,ENE,11,1021.0,23.0,67,7.0,WSW,2,1017.5,2024-04-12,1
2024-04-13,15.0,26.7,1.2,4.2,9.9,SW,31.0,16:36,19.8,59,3.0,ENE,7,1019.7,25.1,43,4.0,SSW,15,1016.8,2024-04-13,0
2024-04-14,10.7,26.6,0.0,6.0,9.0,SSW,31.0,15:56,19.7,61,0.0,SE,6,1022.6,25.0,41,6.0,SSW,17,1020.9,2024-04-14,0
2024-04-15,13.3,28.8,0.0,4.0,10.5,SSW,28.0,14:59,20.7,60,0.0,E,7,1025.2,27.3,35,2.0,S,20,1021.8,2024-04-15,0
2024-04-16,15.4,30.8,0.0,5.0,10.5,NE,31.0,11:47,22.4,54,2.0,E,9,1025.0,30.0,25,0.0,ENE,11,1021.0,2024-04-16,0
2024-04-17,18.3,32.6,0.0,7.6,10.5,E,31.0,03:58,23.1,46,0.0,NE,15,1025.5,31.9,22,0.0,ESE,11,1021.3,2024-04-17,0
2024-04-18,17.7,33.2,0.0,9.0,10.6,ENE,30.0,05:52,24.5,39,0.0,ENE,13,1025.5,32.6,19,1.0,ENE,9,1022.1,2024-04-18,0
2024-04-19,13.3,30.0,0.0,8.6,10.5,NE,24.0,08:39,22.3,35,0.0,NNE,17,1025.3,29.7,21,0.0,E,7,1021.5,2024-04-19,0
2024-04-20,11.7,31.0,0.0,6.4,10.2,NE,31.0,09:02,22.9,32,1.0,NE,17,1024.6,30.6,15,1.0,E,6,1020.9,2024-04-20,0
2024-04-21,9.9,31.1,0.0,5.4,10.2,WSW,30.0,14:19,21.9,32,0.0,NNE,7,1021.8,27.9,26,0.0,WSW,13,1018.7,2024-04-21,0
2024-04-22,14.7,23.3,0.0,6.0,9.4,SSE,37.0,13:12,19.3,73,2.0,SSE,15,1023.8,21.6,49,6.0,ESE,15,1023.2,2024-04-22,0
2024-04-23,11.6,22.4,0.0,4.8,9.4,ENE,39.0,10:22,15.4,52,3.0,E,9,1031.4,21.6,30,7.0,E,15,1026.5,2024-04-23,0
2024-04-24,13.8,23.5,0.0,6.2,8.7,E,37.0,21:12,16.9,46,6.0,ENE,11,1028.8,22.9,27,2.0,ENE,15,1024.6,2024-04-24,0
2024-04-25,13.6,22.8,0.0,7.4,4.9,NE,33.0,10:49,15.5,52,7.0,E,9,1026.5,21.8,37,7.0,E,11,1022.1,2024-04-25,0
2024-04-26,13.7,27.4,0.0,4.6,9.8,SW,26.0,14:12,20.1,47,1.0,NE,13,1019.4,26.1,35,1.0,SW,13,1016.2,2024-04-26,0
2024-04-27,11.1,23.6,0.0,4.0,9.6,SW,28.0,13:58,17.0,78,2.0,N,7,1018.9,23.5,46,1.0,SW,11,1017.7,2024-04-27,0
2024-04-28,10.7,25.7,0.0,4.0,8.9,E,30.0,23:53,17.6,70,7.0,WSW,2,1023.7,25.0,38,6.0,S,7,1021.4,2024-04-28,0
2024-04-29,13.7,25.8,0.0,4.2,10.0,E,33.0,20:26,17.0,62,0.0,ENE,11,1026.3,25.3,36,3.0,E,13,1021.4,2024-04-29,0
2024-04-30,16.9,20.0,0.0,7.6,1.3,ENE,39.0,05:41,18.2,56,7.0,ENE,17,1022.8,18.1,76,7.0,NE,19,1019.9,2024-04-30,1
2024-05-1,14.8,24.9,8.4,1.4,4.7,NE,35.0,10:03,18.3,69,5.0,NE,11,1020.5,23.8,61,7.0,E,4,1018.5,2024-05-01,1
2024-05-2,18.3,25.9,2.2,1.2,1.9,NW,31.0,13:13,22.3,66,7.0,NNE,11,1020.9,24.6,68,7.0,NW,13,1020.0,2024-05-02,1
2024-05-3,18.2,21.6,1.4,1.8,4.0,SSE,48.0,22:08,19.4,74,7.0,S,9,1024.0,21.0,54,7.0,SSW,17,1022.0,2024-05-03,0
2024-05-4,10.3,22.2,0.0,4.4,9.5,SW,31.0,17:08,15.4,82,1.0, ,Calm,1024.1,20.6,60,4.0,SW,13,1021.2,2024-05-04,0
2024-05-5,8.4,21.0,0.0,1.8,9.5,SW,28.0,16:01,14.5,79,0.0,S,6,1023.1,20.2,58,3.0,SSW,15,1019.2,2024-05-05,0
2024-05-6,9.0,22.1,0.0,3.2,7.9,SW,20.0,17:21,15.4,89,1.0, ,Calm,1022.4,21.5,51,3.0,SW,9,1020.1,2024-05-06,0
2024-05-7,9.4,26.8,0.0,2.0,9.8,SE,52.0,14:00,17.6,63,0.0,E,7,1025.3,26.3,29,1.0,E,11,1021.5,2024-05-07,0
2024-05-8,12.6,26.8,0.0,5.2,7.6,NE,31.0,10:06,19.4,51,2.0,NE,13,1024.4,25.4,31,6.0,NNE,11,1020.0,2024-05-08,0
2024-05-9,18.1,27.5,0.0,5.8,0.3,NNE,46.0,12:41,21.7,34,8.0,NE,19,1018.5,27.1,25,7.0,NNE,15,1014.8,2024-05-09,0
2024-05-10,17.1,27.7,0.0,2.8,6.8,NW,39.0,12:12,22.6,55,7.0,N,11,1017.9,26.2,57,6.0,NW,17,1017.0,2024-05-10,0
2024-05-11,16.5,25.8,0.0,3.2,6.1,SSW,20.0,16:10,20.6,96,7.0, ,Calm,1023.1,24.6,59,6.0,WSW,9,1021.3,2024-05-11,0
2024-05-12,13.8,27.1,0.0,3.2,2.0,SSW,35.0,18:05,19.2,71,7.0,ENE,7,1019.5,26.8,42,7.0,NE,6,1015.1,2024-05-12,0
2024-05-13,16.4,28.8,0.0,3.0,4.8,NE,22.0,12:37,19.2,51,2.0,N,2,1014.9,28.6,20,2.0,NE,11,1012.6,2024-05-13,0
2024-05-14,17.4,29.4,0.0,6.0,8.8,SSW,22.0,16:04,20.9,35,3.0,ENE,9,1016.5,28.9,25,1.0,ESE,4,1014.6,2024-05-14,0
2024-05-15,9.7,28.1,0.0,5.8,9.5,WSW,20.0,14:57,19.3,37,0.0,ENE,9,1022.1,26.6,30,1.0,WSW,11,1020.2,2024-05-15,0
2024-05-16,11.5,28.7,0.0,5.2,9.5,SSE,24.0,15:09,18.9,42,0.0,ENE,7,1025.6,28.1,20,0.0,E,6,1023.4,2024-05-16,0
2024-05-17,13.9,28.0,0.0,5.8,9.3,ENE,31.0,09:20,19.5,58,0.0,NE,13,1028.3,27.6,27,0.0,NE,11,1025.5,2024-05-17,0
2024-05-18,15.1,27.6,0.0,5.6,9.4,NE,33.0,09:22,20.8,43,0.0,ENE,13,1029.1,27.3,24,1.0,ENE,13,1024.6,2024-05-18,0
2024-05-19,14.2,26.7,0.0,5.6,9.0,NNE,31.0,09:37,19.3,40,7.0,NE,17,1026.8,26.4,22,7.0,NE,9,1023.4,2024-05-19,0
2024-05-20,11.1,24.9,0.0,5.6,5.1,NE,35.0,09:54,19.8,36,7.0,NE,15,1025.4,24.6,27,7.0,NE,9,1023.1,2024-05-20,0
2024-05-21,10.9,26.7,0.0,4.2,6.3,NE,19.0,11:24,15.8,55,8.0,NE,6,1025.4,26.0,22,7.0,WNW,4,1022.2,2024-05-21,0
2024-05-22,8.6,25.8,0.0,2.2,7.9,NNE,17.0,12:17,16.0,53,7.0,WSW,2,1022.7,24.9,24,6.0,SSW,7,1019.0,2024-05-22,0
2024-05-23,6.1,26.6,0.0,3.6,8.6,NE,26.0,13:38,15.9,44,1.0,NE,7,1018.6,26.1,15,6.0,ENE,9,1013.9,2024-05-23,0
2024-05-24,8.8,26.8,0.0,5.0,7.6,NW,24.0,13:05,16.6,38,7.0,NNE,2,1013.5,25.8,44,1.0,NW,13,1011.9,2024-05-24,1
2024-05-25,15.9,24.0,3.8,2.8,7.4,WSW,41.0,11:01,21.8,71,2.0,WSW,4,1016.3,23.5,60,6.0,W,11,1017.6,2024-05-25,1
2024-05-26,12.0,25.2,3.2,2.2,6.9,NNE,28.0,11:59,17.0,86,1.0,NNE,11,1022.9,21.0,73,7.0,SW,13,1020.5,2024-05-26,1
2024-05-27,12.6,21.9,2.2,2.0,2.6,W,44.0,19:29,15.9,99,4.0,WSW,6,1020.4,20.5,72,8.0,NNE,7,1016.8,2024-05-27,1
2024-05-28,14.4,17.4,8.2,1.4,1.4,SW,44.0,22:38,15.4,99,7.0, ,Calm,1013.7,16.1,93,3.0,NE,6,1010.0,2024-05-28,1
2024-06-1,12.1,25.8,0.0,1.8,9.3,NNE,41.0,22:45,16.4,61,1.0,NNE,9,1016.1,25.4,33,1.0,NNW,13,1010.4,2024-06-01,1
2024-06-2,14.7,20.3,43.2,4.6,7.0,NNE,54.0,01:38,16.7,70,7.0,WSW,17,1008.7,20.0,54,3.0,WSW,20,1010.0,2024-06-02,1
2024-06-3,12.2,21.5,4.8,1.4,7.6,WSW,30.0,00:19,15.9,98,1.0,S,6,1019.9,20.6,52,3.0,WSW,13,1020.1,2024-06-03,1
2024-06-4,13.6,21.5,0.4,2.6,3.7,NW,19.0,11:08,16.0,98,6.0, ,Calm,1025.0,20.4,67,7.0,NE,7,1023.4,2024-06-04,0
2024-06-5,15.9,23.8,0.0,2.0,3.0,N,30.0,13:03,17.8,67,7.0,NNE,9,1024.4,23.2,41,1.0,N,13,1021.3,2024-06-05,0
2024-06-6,11.5,25.0,0.0,2.4,5.1,N,54.0,12:22,18.7,55,5.0,N,15,1018.6,24.0,56,7.0,NNW,17,1013.8,2024-06-06,1
2024-06-7,14.3,20.2,24.8,2.2,2.0,E,19.0,16:16,15.3,99,6.0, ,Calm,1019.4,18.9,70,,E,6,1017.1,2024-06-07,1
2024-06-8,12.5,20.4,0.2,1.2,1.3,NNE,24.0,14:18,15.6,99,,NNE,7,1013.9,19.4,76,7.0,NNE,11,1009.6,2024-06-08,1
2024-06-9,15.6,20.4,5.0,0.0,0.3,WSW,52.0,11:52,17.6,81,7.0,WSW,17,1008.2,18.8,67,7.0,WSW,13,1009.0,2024-06-09,1
2024-06-10,15.2,20.1,6.0,2.2,2.8,NW,43.0,02:21,18.3,56,7.0,W,11,1014.7,18.9,61,7.0,W,9,1016.3,2024-06-10,0
2024-06-11,14.1,17.9,0.0,2.2,0.1,NNE,20.0,14:05,15.2,89,7.0,WSW,7,1021.6,17.2,81,7.0,NNE,13,1019.8,2024-06-11,1
2024-06-12,14.0,20.8,1.4,0.2,4.8,N,20.0,14:12,14.7,99,7.0,NE,7,1021.0,19.6,58,5.0,NNW,11,1018.4,2024-06-12,0
2024-06-13,7.9,20.6,0.0,2.8,9.0,SW,17.0,16:10,12.9,99,1.0, ,Calm,1022.4,19.6,52,2.0,SSW,7,1020.0,2024-06-13,0
2024-06-14,8.8,21.2,0.0,2.0,8.3,NNE,30.0,11:21,13.4,79,1.0,E,7,1020.0,20.8,44,1.0,ENE,9,1016.4,2024-06-14,0
2024-06-15,7.1,22.7,0.0,2.0,7.1,NE,17.0,09:41,12.7,87,0.0,NE,9,1016.1,20.9,48,6.0,N,4,1013.4,2024-06-15,0
2024-06-16,9.5,22.0,0.0,1.4,5.0,SW,26.0,15:03,14.3,92,1.0,NNE,11,1017.2,21.1,56,5.0,SW,11,1016.7,2024-06-16,1
2024-06-17,10.3,20.5,1.4,0.4,7.1,SSW,19.0,13:15,13.3,99,6.0, ,Calm,1021.1,19.5,53,4.0,SW,4,1019.5,2024-06-17,1
2024-06-18,8.9,19.1,0.2,2.0,7.1,S,33.0,14:16,11.8,95,2.0,WSW,6,1022.7,16.3,78,7.0,SSE,15,1022.0,2024-06-18,1
2024-06-19,4.8,18.5,3.4,2.0,8.3,SSE,28.0,11:47,10.7,99,1.0, ,Calm,1029.8,17.4,49,2.0,SSE,9,1026.7,2024-06-19,0
2024-06-20,3.9,19.0,0.0,1.4,8.7,NE,24.0,12:03,10.3,94,1.0, ,Calm,1030.2,18.2,43,1.0,NE,9,1026.1,2024-06-20,0
2024-06-21,4.1,20.5,0.0,2.0,8.4,NNE,37.0,11:38,12.1,66,5.0,NNE,15,1023.8,20.2,35,4.0,N,13,1018.7,2024-06-21,1
2024-06-22,10.1,19.2,3.2,2.6,7.5,SW,46.0,12:49,17.0,63,6.0,SW,15,1019.4,17.4,53,5.0,SSW,17,1020.6,2024-06-22,0
2024-06-23,7.3,18.1,0.0,2.6,5.9,SSW,28.0,14:57,10.8,81,7.0, ,Calm,1027.6,16.9,54,7.0,S,11,1026.1,2024-06-23,0
2024-06-24,3.7,17.8,0.0,2.2,7.5,SSW,22.0,14:57,9.7,90,1.0, ,Calm,1026.9,16.8,54,7.0,SSW,13,1023.2,2024-06-24,0
2024-06-25,3.4,17.0,0.0,1.4,8.9,NE,31.0,13:06,10.0,86,6.0,SSW,7,1018.7,16.4,48,1.0,NE,15,1013.9,2024-06-25,0
2024-06-26,6.4,19.4,0.0,2.0,3.8,NNE,28.0,08:24,12.0,76,7.0,N,13,1007.0,18.3,68,5.0,NW,7,1005.5,2024-06-26,1
2024-06-27,11.3,17.4,17.2,0.8,2.8,NE,24.0,11:19,14.8,86,6.0,NE,11,1005.3,12.9,94,7.0,NE,7,1003.9,2024-06-27,1
2024-06-28,11.9,19.9,7.4,2.4,9.0,SE,31.0,15:41,14.2,77,2.0,SE,9,1009.6,19.3,52,2.0,SE,15,1010.3,2024-06-28,0
2024-06-29,9.5,18.4,0.0,2.6,2.5,SE,20.0,10:58,13.9,74,7.0,SE,7,1022.3,18.2,62,5.0,ESE,6,1022.1,2024-06-29,0
2024-06-30,8.1,19.3,0.0,1.6,8.8,NE,28.0,13:47,12.7,86,3.0,NE,7,1029.6,19.1,50,2.0,NNE,13,1027.1,2024-06-30,0
2024-07-1,5.4,20.3,0.0,2.0,8.9,NNE,33.0,10:42,12.6,83,0.0,NE,9,1026.9,20.1,50,2.0,NNE,15,1022.1,2024-07-01,1
2024-07-2,12.6,18.1,2.8,2.2,7.8,S,30.0,11:47,13.7,99,3.0, ,Calm,1027.4,16.9,51,1.0,SSE,13,1028.1,2024-07-02,0
2024-07-4,8.7,17.9,0.0,2.4,7.4,ENE,30.0,13:03,13.0,75,3.0,ENE,9,1035.8,16.0,60,7.0,E,11,1032.1,2024-07-04,0
2024-07-5,6.6,17.2,0.0,1.6,9.1,NE,35.0,09:10,12.0,71,0.0,ENE,11,1029.6,16.5,38,1.0,ENE,15,1024.3,2024-07-05,0
2024-07-6,6.1,16.9,0.0,3.4,2.1,NNE,72.0,20:07,10.6,53,7.0,NE,17,1018.8,16.5,41,7.0,NNE,13,1010.8,2024-07-06,1
2024-07-7,10.6,19.9,6.6,2.0,3.4,WSW,39.0,13:26,14.3,99,7.0,NNW,9,1011.1,18.8,52,4.0,WSW,17,1012.8,2024-07-07,1
2024-07-8,8.9,20.7,3.4,1.0,5.6,NNW,37.0,11:35,14.3,85,4.0,N,11,1017.6,19.4,57,7.0,NNW,9,1013.9,2024-07-08,1
2024-07-9,14.1,21.5,0.2,2.0,6.6,NNW,48.0,11:21,16.8,88,1.0,N,15,1010.6,19.2,82,5.0,W,19,1008.9,2024-07-09,1
2024-07-10,14.2,18.1,28.0,2.0,4.5,WSW,46.0,10:16,15.2,74,7.0,WSW,13,1014.7,16.8,51,5.0,SW,20,1017.1,2024-07-10,1
2024-07-11,8.5,18.4,3.0,0.0,5.9,W,20.0,13:47,12.1,87,3.0,N,9,1025.3,16.7,68,6.0,W,6,1023.9,2024-07-11,1
2024-07-12,8.5,17.6,0.2,1.8,1.2,W,15.0,11:36,11.7,99,7.0, ,Calm,1025.5,16.8,57,8.0,ENE,6,1022.7,2024-07-12,0
2024-07-13,9.9,19.8,0.0,1.6,9.1,NE,22.0,10:30,13.8,76,3.0,ENE,6,1022.3,19.2,46,5.0,NE,9,1018.7,2024-07-13,1
2024-07-14,6.8,17.7,0.2,1.8,1.7,NE,24.0,13:34,11.9,80,7.0,NE,2,1019.3,14.6,81,6.0,NE,7,1016.9,2024-07-14,1
2024-07-15,5.6,22.2,2.0,2.6,9.2,SSW,17.0,14:07,10.9,99,1.0, ,Calm,1023.8,21.6,40,0.0,ESE,9,1021.5,2024-07-15,0
2024-07-16,7.2,22.8,0.0,1.6,9.3,NE,31.0,10:19,14.8,62,1.0,NE,9,1025.1,22.5,40,0.0,NE,11,1021.3,2024-07-16,0
2024-07-17,12.5,23.5,0.0,3.6,5.0,NNW,41.0,17:49,15.6,50,7.0,NNE,13,1016.6,21.6,49,7.0,NNW,15,1012.8,2024-07-17,1
2024-07-18,12.5,16.6,44.0,3.0,3.6,SW,50.0,14:31,12.8,99,7.0,SSE,4,1013.1,14.0,78,7.0,WSW,9,1012.8,2024-07-18,1
2024-07-19,9.1,18.2,9.4,3.4,5.5,SW,59.0,01:59,12.6,71,2.0, ,Calm,1023.4,16.8,53,6.0,WSW,15,1023.1,2024-07-19,1
2024-07-20,11.2,20.1,1.6,1.4,3.9,WNW,46.0,11:57,13.2,92,7.0, ,Calm,1024.1,18.6,57,7.0,W,15,1022.6,2024-07-20,1
2024-07-21,13.2,20.2,0.8,2.0,2.5,W,46.0,15:57,17.0,76,7.0,WSW,13,1022.5,18.9,62,7.0,NW,15,1020.5,2024-07-21,1
2024-07-22,13.0,20.6,0.4,1.6,6.5,NNW,37.0,15:56,15.3,55,3.0,N,15,1017.5,18.7,70,6.0,NNW,19,1013.5,2024-07-22,1
2024-07-23,12.4,16.3,20.4,1.8,3.7,SW,39.0,05:11,12.7,98,8.0,WSW,7,1012.0,15.5,56,2.0,S,15,1012.0,2024-07-23,1
2024-07-24,4.1,16.0,1.6,2.6,5.6,SW,26.0,18:47,9.9,83,6.0, ,Calm,1020.6,14.0,85,6.0,NNW,9,1018.2,2024-07-24,1
2024-07-25,9.7,18.5,11.2,1.2,6.0,WSW,35.0,11:34,13.3,99,7.0, ,Calm,1018.3,18.3,52,2.0,WSW,13,1016.1,2024-07-25,1
2024-07-26,10.6,19.3,10.6,2.6,8.4,SW,26.0,14:35,13.2,99,1.0,SW,7,1020.3,18.3,54,3.0,WSW,15,1020.2,2024-07-26,1
2024-07-27,11.1,20.4,2.4,2.4,7.3,NNE,20.0,08:56,14.2,90,1.0,NE,13,1024.7,18.8,50,6.0,N,6,1021.1,2024-07-27,1
2024-07-28,11.7,20.4,1.0,2.4,3.5,SW,41.0,19:06,14.8,74,7.0,N,13,1015.2,19.4,69,7.0,NW,17,1011.5,2024-07-28,1
2024-07-29,11.0,19.9,14.2,2.4,2.8,WNW,33.0,11:21,15.4,99,7.0,N,9,1015.3,17.9,76,7.0,NNW,9,1014.1,2024-07-29,1
2024-07-30,11.4,21.4,4.6,1.4,4.1,NW,30.0,16:10,14.3,99,7.0,WSW,4,1019.8,19.9,62,7.0,NW,11,1018.3,2024-07-30,1
2024-07-31,11.5,23.1,1.4,0.8,8.1,NNW,54.0,18:01,16.0,85,1.0,NNE,9,1017.3,20.4,70,7.0,WNW,19,1011.6,2024-07-31,1
2024-08-1,10.8,16.9,14.4,3.4,8.2,WSW,46.0,00:46,14.1,51,1.0,SW,20,1020.2,13.8,64,1.0,S,11,1021.6,2024-08-01,1
2024-08-2,7.4,17.3,0.2,2.4,3.8,N,17.0,11:04,10.7,79,7.0, ,Calm,1026.7,15.7,50,7.0, ,Calm,1023.8,2024-08-02,0
2024-08-3,4.8,19.3,0.0,1.6,9.7,E,19.0,08:11,11.2,65,0.0,E,7,1026.8,18.4,35,3.0,NE,7,1023.3,2024-08-03,0
2024-08-4,3.3,20.2,0.0,1.0,9.7,W,28.0,14:00,10.7,67,0.0,NE,9,1025.3,19.1,39,1.0,WSW,9,1022.0,2024-08-04,0
2024-08-5,5.9,20.7,0.0,1.8,9.6,,,,12.1,71,4.0,NNE,11,1021.5,19.7,54,2.0,NW,13,1018.9,2024-08-05,0
2024-08-6,10.1,21.1,0.0,2.0,5.9,NW,41.0,13:09,15.2,70,3.0,N,11,1017.3,20.1,65,7.0,NNW,17,1014.0,2024-08-06,1
2024-08-7,15.2,19.8,23.6,2.2,4.4,NW,46.0,01:33,18.5,67,7.0,WSW,15,1012.6,15.4,78,7.0,SW,17,1015.2,2024-08-07,1
2024-08-8,10.6,20.4,0.4,2.2,6.4,WSW,28.0,13:49,13.7,85,6.0,N,9,1022.0,19.8,50,6.0,W,11,1022.1,2024-08-08,1
2024-08-9,10.7,22.4,1.0,1.4,7.3,NNW,24.0,12:05,14.7,88,7.0,W,4,1024.4,22.0,44,2.0,WNW,9,1020.8,2024-08-09,1
2024-08-10,7.6,26.2,0.2,2.0,9.8,NNW,35.0,14:35,15.4,69,0.0,NE,13,1017.1,25.5,34,1.0,N,17,1011.3,2024-08-10,1
2024-08-11,14.7,21.5,4.0,3.2,7.7,W,33.0,12:16,17.5,69,7.0,WSW,9,1011.9,20.3,52,6.0,NW,17,1011.4,2024-08-11,1
2024-08-12,15.2,20.5,1.8,3.4,5.6,WNW,44.0,09:26,19.3,62,4.0,WNW,17,1014.2,19.4,63,7.0,WNW,15,1014.8,2024-08-12,1
2024-08-13,9.9,20.9,1.8,2.6,4.6,WNW,43.0,21:10,15.2,78,4.0,WSW,9,1018.1,19.0,54,7.0,WNW,13,1014.6,2024-08-13,1
2024-08-14,13.5,19.4,8.4,2.4,2.1,WSW,44.0,16:03,16.7,77,7.0,WSW,9,1014.3,17.2,80,7.0,W,13,1012.3,2024-08-14,1
2024-08-15,12.7,18.0,8.2,2.2,3.5,SSW,44.0,06:00,14.5,84,6.0,SSW,2,1017.2,17.8,52,7.0,SW,9,1016.4,2024-08-15,1
2024-08-16,11.6,21.1,0.2,1.4,5.2,NNE,28.0,10:00,14.3,72,8.0,NNE,17,1016.4,19.8,57,7.0,NNW,13,1013.2,2024-08-16,0
2024-08-17,13.1,16.4,0.0,2.2,0.2,WSW,43.0,14:31,15.8,73,8.0,NNE,9,1006.3,12.9,94,8.0,WSW,13,1005.6,2024-08-17,1
2024-08-18,10.2,17.7,23.8,0.6,7.6,SW,56.0,10:54,16.0,63,3.0,SW,22,1008.8,16.8,54,3.0,SW,28,1009.9,2024-08-18,1
2024-08-19,12.5,17.3,2.8,2.8,4.7,SW,41.0,00:40,13.8,95,3.0,SW,7,1016.7,16.2,64,6.0,SW,15,1017.0,2024-08-19,1
2024-08-20,11.8,19.1,2.6,2.6,4.0,W,30.0,12:42,15.2,81,7.0,N,6,1018.8,18.2,64,5.0,NW,9,1016.9,2024-08-20,1
2024-08-21,10.7,20.4,4.2,1.2,7.1,NNE,15.0,08:52,14.1,99,3.0,N,9,1018.6,19.1,60,7.0,NNW,7,1016.1,2024-08-21,1
2024-08-22,13.2,21.6,4.8,2.4,4.0,NNW,59.0,14:51,15.0,87,8.0,NE,17,1004.2,20.3,72,7.0,NW,26,999.2,2024-08-22,1
2024-08-23,13.5,20.0,7.4,1.6,0.7,WNW,50.0,13:55,16.6,84,7.0,N,11,1007.0,19.2,58,7.0,WNW,17,1007.4,2024-08-23,1
2024-08-24,13.6,18.9,10.8,3.4,4.8,W,56.0,10:51,16.7,60,3.0,WSW,17,1008.9,16.3,67,7.0,WSW,17,1012.7,2024-08-24,1
2024-08-25,13.7,20.6,2.0,3.0,5.7,SW,30.0,13:08,17.3,59,7.0,SW,7,1022.0,18.7,61,7.0,W,13,1021.3,2024-08-25,0
2024-08-26,14.1,20.6,0.0,2.8,2.8,NW,41.0,15:12,16.5,69,8.0,NNW,9,1020.3,19.4,62,7.0,NW,17,1016.3,2024-08-26,1
2024-08-27,15.8,19.8,3.4,2.2,5.1,WNW,44.0,06:42,16.7,94,8.0,SW,20,1016.2,18.0,60,2.0,SW,13,1017.9,2024-08-27,1
2024-08-28,9.2,21.4,0.4,3.2,10.2,NW,33.0,16:18,15.4,69,1.0,NNE,9,1019.6,20.7,60,1.0,NW,13,1014.8,2024-08-28,1
2024-08-29,15.4,19.3,3.8,3.6,7.2,SW,50.0,10:54,18.3,63,6.0,SW,24,1012.6,18.2,51,6.0,SW,22,1014.4,2024-08-29,1
2024-08-30,11.5,18.4,8.0,2.2,8.3,SSW,41.0,09:34,15.5,71,3.0,SSW,13,1019.1,17.8,45,3.0,SW,19,1019.2,2024-08-30,1
2024-08-31,12.0,19.4,0.2,2.2,5.2,SW,35.0,11:04,15.3,79,7.0,SSW,15,1020.6,18.1,64,7.0,SW,17,1018.7,2024-08-31,1
2024-09-1,14.5,19.2,0.2,2.8,2.1,SSW,30.0,09:23,17.8,65,7.0,SW,13,1021.0,17.9,63,7.0,SSW,13,1021.4,2024-09-01,0
2024-09-2,7.1,25.9,0.0,2.4,10.8,NNE,30.0,12:33,16.2,65,0.0,NE,9,1022.8,25.2,39,0.0,NNE,11,1017.5,2024-09-02,0
2024-09-3,10.2,21.7,0.0,3.2,6.6,SW,33.0,19:24,19.0,70,6.0,WSW,9,1015.4,19.2,61,8.0,NW,11,1014.3,2024-09-03,1
2024-09-4,14.5,20.7,2.4,2.8,6.1,SW,48.0,23:05,16.5,85,7.0,W,13,1011.0,18.1,64,7.0,SW,20,1009.0,2024-09-04,1
2024-09-5,10.3,15.3,14.0,3.6,4.6,SSW,59.0,14:03,11.9,75,4.0,SW,11,1010.1,14.7,55,1.0,SW,19,1014.4,2024-09-05,1
2024-09-6,8.6,18.5,5.0,2.4,8.3,SSW,33.0,11:32,14.9,76,3.0,SSW,2,1023.5,17.7,56,6.0,SW,13,1023.8,2024-09-06,1
2024-09-7,9.4,19.9,4.8,2.2,8.7,SSW,28.0,14:57,14.2,88,6.0,N,6,1029.7,18.3,49,4.0,SSW,17,1028.9,2024-09-07,0
2024-09-8,10.3,20.2,0.0,2.4,8.9,SSW,31.0,14:47,15.6,71,4.0,SSW,6,1030.3,18.9,58,1.0,SSW,19,1026.6,2024-09-08,0
2024-09-9,10.5,21.3,0.0,3.0,4.2,SSW,28.0,15:16,14.0,79,7.0,SSE,6,1022.5,20.8,52,3.0,SSW,15,1017.7,2024-09-09,0
2024-09-10,11.4,22.2,0.0,2.2,9.0,ESE,28.0,22:11,15.1,76,6.0,SE,6,1022.6,21.2,45,1.0,SE,11,1021.6,2024-09-10,0
2024-09-11,11.5,25.1,0.0,3.8,10.9,ENE,33.0,07:27,16.1,60,0.0,E,11,1028.6,24.5,42,0.0,E,9,1026.1,2024-09-11,0
2024-09-12,12.1,26.9,0.0,5.4,11.0,NE,28.0,09:57,19.6,51,1.0,NE,11,1030.1,26.3,28,0.0,NE,11,1026.4,2024-09-12,0
2024-09-13,11.8,28.4,0.0,5.6,10.2,NE,26.0,09:34,20.8,40,1.0,ENE,13,1027.4,27.2,23,1.0,SE,11,1024.0,2024-09-13,0
2024-09-14,13.7,26.2,0.0,6.2,10.8,ENE,31.0,09:17,17.9,55,1.0,E,13,1026.8,25.4,31,0.0,E,11,1024.5,2024-09-14,0
2024-09-15,12.3,24.3,0.0,8.0,10.9,ENE,35.0,02:40,17.0,58,0.0,ENE,13,1030.1,23.1,30,3.0,E,13,1027.0,2024-09-15,0
2024-09-16,12.2,24.0,0.0,4.8,10.8,NNE,31.0,11:42,17.5,55,0.0,NE,13,1029.6,23.5,36,0.0,NE,11,1024.5,2024-09-16,0
2024-09-17,8.1,28.3,0.0,5.4,10.9,NNE,28.0,09:56,20.7,34,0.0,NNE,13,1022.3,27.0,18,0.0,SW,11,1018.6,2024-09-17,0
2024-09-18,9.2,24.1,0.0,5.8,10.9,SSW,39.0,15:38,17.5,56,0.0,SSE,7,1021.6,21.9,52,1.0,SSW,20,1019.9,2024-09-18,0
2024-09-19,11.6,22.3,0.0,8.6,10.5,SE,28.0,13:05,15.0,62,5.0,E,13,1025.8,21.3,44,2.0,SSE,11,1021.1,2024-09-19,0
2024-09-20,9.0,21.3,0.0,5.8,9.8,SSW,37.0,15:37,14.1,61,0.0,SSE,13,1023.4,19.8,47,0.0,SSW,17,1018.7,2024-09-20,0
2024-09-21,7.8,19.8,0.0,4.2,10.9,SSW,37.0,13:56,14.2,59,1.0,SE,15,1023.4,18.2,50,0.0,SSW,17,1019.7,2024-09-21,0
2024-09-22,5.8,24.6,0.0,3.4,11.1,SSW,35.0,15:14,16.3,60,0.0,SSE,9,1019.6,21.6,51,0.0,SSW,19,1015.1,2024-09-22,0
2024-09-23,9.5,22.5,0.0,5.0,10.6,SSW,41.0,15:28,15.9,65,0.0,S,9,1016.0,20.5,52,1.0,SSW,19,1013.8,2024-09-23,0
2024-09-24,12.2,21.7,0.0,5.4,10.1,SSW,37.0,16:27,16.2,63,1.0,SSE,9,1018.6,20.5,53,4.0,SSW,20,1016.6,2024-09-24,0
2024-09-25,9.5,23.3,0.0,5.0,11.0,NE,46.0,05:21,15.2,56,0.0,ENE,11,1022.1,22.5,35,0.0,ENE,7,1017.4,2024-09-25,0
2024-09-26,10.7,28.6,0.0,4.8,10.9,NE,35.0,10:43,21.8,41,0.0,NNE,17,1012.5,23.4,45,1.0,NW,20,1008.0,2024-09-26,1
2024-09-27,13.4,17.5,8.0,5.4,2.4,SW,59.0,15:29,13.8,97,8.0,S,11,1010.9,16.5,56,7.0,SW,22,1010.7,2024-09-27,1
2024-09-28,6.8,18.5,4.6,2.8,7.2,SW,43.0,20:17,13.5,70,6.0,SSW,9,1022.3,17.9,44,4.0,SSW,13,1022.9,2024-09-28,1
2024-09-29,8.3,20.9,0.2,4.2,10.8,SW,26.0,15:07,16.0,57,6.0,SW,9,1027.8,20.1,50,3.0,WSW,13,1025.2,2024-09-29,0
2024-09-30,7.2,24.3,0.0,4.0,11.3,SW,30.0,16:49,17.2,62,0.0,SSW,6,1025.1,23.2,39,1.0,SSW,13,1020.3,2024-09-30,0
2024-10-1,9.3,29.7,0.0,5.2,11.2,NNE,35.0,10:49,21.4,38,1.0,NE,11,1012.5,22.3,42,1.0,WSW,11,1006.8,2024-10-01,1
2024-10-2,12.1,18.0,15.6,5.4,5.2,WSW,50.0,21:59,12.3,91,7.0,NW,11,1003.7,16.7,49,2.0,WSW,22,1002.8,2024-10-02,1
2024-10-3,11.7,18.1,10.0,4.8,1.3,SSW,57.0,04:14,15.2,56,8.0,SW,24,1013.4,15.6,62,7.0,SW,17,1015.1,2024-10-03,1
2024-10-4,13.2,20.5,5.4,2.4,5.5,WSW,31.0,01:21,17.0,87,7.0,SW,13,1017.6,20.2,63,6.0,SW,13,1017.4,2024-10-04,1
2024-10-5,14.9,22.6,0.2,3.4,10.1,SSW,24.0,12:12,18.8,67,2.0,SSW,6,1018.5,21.0,61,5.0,SW,13,1017.3,2024-10-05,0
2024-10-6,13.9,23.5,0.0,4.0,9.0,SSW,26.0,16:25,19.7,69,3.0,WNW,4,1017.7,22.6,56,1.0,WSW,11,1016.1,2024-10-06,0
2024-10-7,11.7,25.3,0.0,4.2,10.6,SE,28.0,16:29,19.4,61,3.0,S,6,1019.2,23.2,48,0.0,SE,17,1017.5,2024-10-07,0
2024-10-8,11.4,21.8,0.0,5.2,11.5,SW,31.0,11:26,18.4,72,5.0,S,13,1019.6,20.2,59,5.0,SSW,15,1018.9,2024-10-08,1
2024-10-9,14.4,23.9,0.6,5.2,11.6,SSE,31.0,05:15,17.6,65,1.0,SSE,15,1026.0,21.8,49,1.0,SW,19,1022.8,2024-10-09,0
2024-10-10,12.3,28.0,0.0,6.6,11.5,E,35.0,06:58,17.9,49,1.0,E,17,1024.6,27.4,33,0.0,ENE,13,1019.4,2024-10-10,0
2024-10-11,17.6,31.4,0.0,7.2,11.0,NNE,31.0,08:21,24.3,49,2.0,NNE,17,1018.4,28.4,39,7.0,WNW,13,1014.9,2024-10-11,0
2024-10-12,18.0,22.2,0.0,6.2,6.5,SW,33.0,12:00,20.1,68,6.0,SSW,9,1017.4,21.4,54,2.0,SSW,17,1016.3,2024-10-12,0
2024-10-13,13.7,25.4,0.0,5.8,11.2,SW,31.0,14:36,19.7,58,0.0,NNE,4,1016.8,22.0,60,1.0,WSW,17,1013.6,2024-10-13,0
2024-10-14,15.5,22.5,0.0,5.2,6.8,WSW,31.0,15:01,19.8,58,6.0,W,7,1014.2,18.9,75,7.0,WSW,17,1013.5,2024-10-14,1
2024-10-15,14.5,21.9,1.6,4.2,9.6,SW,31.0,12:54,18.2,60,7.0,SW,9,1016.6,20.6,52,6.0,WSW,13,1014.3,2024-10-15,1
2024-10-16,10.3,21.9,0.2,4.8,5.8,WNW,37.0,13:59,18.9,55,5.0,SW,6,1007.9,16.9,87,8.0,NW,9,1005.7,2024-10-16,1
2024-10-17,13.0,21.3,8.6,2.0,7.2,SSW,31.0,14:11,16.6,90,7.0,SSE,9,1014.6,20.4,56,5.0,WSW,13,1015.7,2024-10-17,0
2024-10-18,15.7,22.7,0.0,4.0,8.7,WSW,30.0,12:58,19.1,56,7.0,WNW,9,1017.9,20.7,57,1.0,WSW,13,1016.7,2024-10-18,0
2024-10-19,12.6,24.3,0.0,5.0,8.2,W,24.0,12:05,19.7,67,7.0,NNW,9,1016.1,21.6,58,7.0,WSW,11,1014.2,2024-10-19,0
2024-10-20,12.1,22.6,0.0,4.0,2.5,SW,48.0,18:42,19.2,75,7.0,N,9,1010.4,20.5,75,7.0,NW,19,1008.1,2024-10-20,1
2024-10-21,9.8,19.7,5.2,2.0,11.4,SW,30.0,14:38,15.9,60,4.0,ESE,9,1020.5,19.0,42,3.0,SW,15,1019.7,2024-10-21,0
2024-10-22,9.5,21.2,0.0,3.4,8.1,SW,31.0,09:36,16.5,62,6.0,SSW,4,1021.5,20.5,48,5.0,SSW,17,1020.0,2024-10-22,1
2024-10-23,7.7,23.1,0.2,4.2,12.1,SSW,33.0,15:50,17.7,48,0.0,SE,9,1024.1,21.6,46,0.0,SW,15,1020.6,2024-10-23,0
2024-10-24,10.8,29.6,0.0,5.4,12.2,SW,31.0,16:53,22.0,44,0.0,NNE,7,1018.8,26.7,36,0.0,SW,17,1015.3,2024-10-24,0
2024-10-25,11.4,23.5,0.0,7.6,11.9,SW,48.0,16:33,19.9,58,1.0,SW,11,1014.6,21.3,55,4.0,SSW,22,1014.7,2024-10-25,0
2024-10-26,13.1,22.5,0.0,7.0,12.3,SSW,48.0,16:49,17.4,57,5.0,SSE,15,1022.7,20.3,50,0.0,SSW,22,1020.2,2024-10-26,0
2024-10-27,13.5,26.2,0.0,6.4,12.4,SSW,35.0,15:23,19.9,51,0.0,ENE,13,1023.9,23.4,46,0.0,SSW,19,1020.1,2024-10-27,0
2024-10-28,14.4,31.8,0.0,7.4,12.4,SSW,37.0,15:43,22.9,42,0.0,ENE,13,1021.4,30.7,24,0.0,SSW,17,1017.3,2024-10-28,0
2024-10-29,13.9,34.1,0.0,8.8,12.4,SW,33.0,14:22,28.0,29,0.0,ENE,9,1018.5,30.8,26,0.0,SSW,17,1016.6,2024-10-29,0
2024-10-30,16.3,29.9,0.0,10.0,12.4,SSW,41.0,15:16,22.4,53,1.0,S,7,1020.3,27.2,42,1.0,SSW,17,1017.7,2024-10-30,0
2024-10-31,15.1,33.3,0.0,8.6,12.2,ENE,30.0,06:24,22.5,46,1.0,ENE,13,1018.7,32.9,15,1.0,ENE,7,1013.6,2024-10-31,0
2024-11-1,14.7,29.5,0.0,7.2,11.9,SW,33.0,12:07,26.6,35,7.0,SSE,2,1011.4,23.7,50,8.0,SW,19,1009.9,2024-11-01,1
2024-11-2,17.4,23.0,2.0,7.0,3.6,SSW,28.0,16:00,19.6,72,8.0,SSW,15,1016.1,20.9,58,7.0,SSW,13,1014.5,2024-11-02,1
2024-11-3,13.1,22.4,0.8,5.2,12.6,SSW,37.0,16:08,18.5,58,1.0,S,15,1016.2,21.0,45,0.0,SSW,17,1014.9,2024-11-03,0
2024-11-4,12.2,21.9,0.0,6.6,10.9,SW,35.0,13:26,17.8,61,0.0,S,7,1015.1,19.2,58,7.0,SW,19,1013.9,2024-11-04,1
2024-11-5,14.7,22.2,1.0,5.8,7.6,WSW,37.0,06:49,19.4,60,2.0,SW,19,1015.8,20.7,59,3.0,WSW,15,1015.6,2024-11-05,0
2024-11-6,15.6,20.8,0.0,6.2,8.6,SSW,41.0,09:50,18.3,57,3.0,SW,17,1020.0,19.8,41,1.0,SSW,15,1020.3,2024-11-06,1
2024-11-7,10.7,21.6,0.2,6.2,10.9,S,37.0,14:55,16.8,50,3.0,S,15,1021.7,20.0,49,3.0,SSW,20,1018.1,2024-11-07,1
2024-11-8,13.7,23.4,1.2,6.2,5.2,SSW,31.0,17:48,17.9,67,7.0,SSW,11,1015.9,21.3,54,7.0,S,13,1014.1,2024-11-08,0
2024-11-9,15.7,23.2,0.0,2.4,7.2,SSW,33.0,16:09,17.9,60,7.0,E,9,1020.6,20.6,49,6.0,S,19,1018.5,2024-11-09,0
2024-11-10,10.1,24.2,0.0,6.2,12.4,S,35.0,18:53,19.8,56,0.0,NE,11,1021.2,22.4,49,2.0,SSW,19,1018.8,2024-11-10,0
2024-11-11,11.6,25.6,0.0,6.0,12.9,SSW,37.0,16:20,20.4,58,0.0,SSE,2,1019.8,24.5,48,1.0,SW,13,1017.0,2024-11-11,0
2024-11-12,13.7,24.1,0.0,7.8,9.1,SSW,33.0,16:34,18.2,67,8.0,SSE,11,1020.9,23.0,52,0.0,SSW,15,1018.2,2024-11-12,0
2024-11-13,12.2,31.8,0.0,5.6,12.4,SSW,35.0,16:46,22.3,49,2.0,E,11,1018.6,29.2,37,5.0,SSW,15,1013.7,2024-11-13,0
2024-11-14,15.0,31.0,0.0,7.8,12.4,SSW,35.0,17:47,24.6,49,1.0,S,9,1012.7,27.6,46,1.0,WSW,13,1010.5,2024-11-14,0
2024-11-15,17.4,24.5,0.0,8.6,8.7,SSW,46.0,13:36,20.5,63,7.0,SSE,15,1014.5,22.4,54,7.0,SSW,17,1013.6,2024-11-15,0
2024-11-16,11.3,22.4,0.0,8.4,12.9,SSW,46.0,16:10,16.1,42,0.0,ESE,13,1020.3,20.2,46,0.0,SSW,22,1016.9,2024-11-16,0
2024-11-17,11.8,28.2,0.0,7.6,12.9,SE,31.0,00:04,18.1,46,0.0,E,13,1019.5,27.2,20,0.0,ESE,11,1014.8,2024-11-17,0
2024-11-18,14.9,34.4,0.0,11.0,9.5,NE,44.0,17:58,24.3,35,0.0,ENE,17,1013.7,33.7,22,7.0,NE,9,1009.1,2024-11-18,1
2024-11-19,19.9,27.8,1.4,8.4,2.0,E,30.0,02:08,25.2,60,6.0,N,9,1011.3,21.5,90,8.0,NNE,6,1010.5,2024-11-19,1
2024-11-20,19.0,25.6,3.8,1.4,6.8,WNW,37.0,13:25,21.7,77,8.0,NNW,9,1008.1,24.2,55,2.0,WNW,15,1006.3,2024-11-20,0
2024-11-21,17.3,23.0,0.0,5.0,5.1,SW,39.0,16:19,18.7,80,7.0,SSW,17,1009.7,21.4,59,7.0,SW,22,1010.2,2024-11-21,0
2024-11-22,15.0,23.2,0.0,5.2,13.1,SSW,39.0,15:24,20.0,52,3.0,SSW,15,1018.0,22.2,46,1.0,SW,17,1017.6,2024-11-22,0
2024-11-23,12.5,29.4,0.0,7.2,13.1,SSW,35.0,15:30,21.7,52,0.0,ENE,13,1021.1,27.2,43,0.0,SSW,17,1016.3,2024-11-23,0
2024-11-24,15.5,36.7,0.0,9.4,13.1,NE,43.0,08:43,28.3,35,0.0,NE,17,1013.2,30.6,36,1.0,SW,17,1007.7,2024-11-24,0
2024-11-25,16.3,23.5,0.0,12.0,13.1,SSW,57.0,15:40,21.5,48,1.0,S,17,1013.4,21.8,45,1.0,SSW,26,1012.2,2024-11-25,0
2024-11-26,10.5,23.3,0.0,10.2,13.0,SSW,44.0,15:14,15.9,44,0.0,SE,17,1020.3,21.1,46,0.0,SSW,22,1016.4,2024-11-26,0
2024-11-27,12.8,28.2,0.0,8.6,13.1,E,31.0,01:17,18.4,46,0.0,NE,17,1021.0,27.4,26,0.0,SE,13,1016.1,2024-11-27,0
2024-11-28,16.0,32.1,0.0,9.2,13.1,ENE,35.0,06:54,22.9,40,0.0,E,15,1018.0,31.6,24,0.0,ENE,11,1013.1,2024-11-28,0
2024-11-29,19.3,31.6,0.0,11.4,1.2,E,28.0,00:05,23.7,35,0.0,NE,11,1012.5,31.0,24,8.0,NE,9,1007.6,2024-11-29,0
2024-11-30,19.0,29.8,0.0,7.4,12.2,WNW,39.0,11:30,29.3,45,1.0,W,13,1005.2,26.0,64,6.0,W,13,1002.3,2024-11-30,0
2024-12-1,15.5,23.9,0.0,7.6,10.6,W,43.0,15:22,21.6,54,6.0,W,9,1004.9,23.2,52,3.0,WSW,15,1003.4,2024-12-01,1
2024-12-2,14.7,21.7,3.6,8.0,7.9,SW,37.0,03:28,17.8,63,6.0,SW,15,1007.6,21.1,46,2.0,SW,20,1008.3,2024-12-02,0
2024-12-3,17.7,23.2,0.0,5.8,3.3,W,33.0,11:34,19.5,65,8.0,NW,11,1010.8,22.9,61,7.0,WSW,13,1008.8,2024-12-03,1
2024-12-4,17.5,24.8,0.2,3.8,11.3,SSW,31.0,14:25,21.6,64,4.0,WSW,13,1010.6,22.9,47,3.0,SW,15,1010.6,2024-12-04,0
2024-12-5,13.4,25.5,0.0,8.6,13.0,SSW,46.0,16:08,21.3,55,1.0,SE,7,1014.0,23.2,48,,SSW,26,1011.1,2024-12-05,0
2024-12-6,15.4,28.1,0.0,7.8,13.1,S,44.0,16:15,21.8,46,,ESE,13,1015.0,26.1,43,1.0,SSW,22,1012.2,2024-12-06,0
2024-12-7,16.4,34.9,0.0,9.0,12.5,SE,35.0,01:27,24.5,34,0.0,ESE,13,1014.8,32.7,24,2.0,SE,15,1009.3,2024-12-07,0
2024-12-8,18.0,33.4,0.0,10.8,13.1,SSW,46.0,16:56,25.2,48,3.0,ESE,6,1010.4,30.4,40,1.0,SSW,20,1006.7,2024-12-08,0
2024-12-9,20.5,35.0,0.0,9.8,13.1,ESE,41.0,20:16,25.8,54,1.0,SE,13,1011.5,34.2,33,1.0,SE,15,1008.2,2024-12-09,0
2024-12-10,18.5,35.3,0.0,9.2,13.2,E,44.0,23:23,24.1,58,1.0,NE,13,1013.8,34.5,35,0.0,ESE,13,1009.7,2024-12-10,0
2024-12-11,21.7,40.4,0.0,12.4,12.8,ENE,37.0,00:29,31.3,46,0.0,NE,15,1010.2,39.3,28,1.0,SSW,17,1006.1,2024-12-11,0
2024-12-12,21.8,37.5,0.0,11.2,13.4,SSW,31.0,16:55,32.2,48,0.0, ,Calm,1006.9,33.9,38,1.0,SW,19,1004.3,2024-12-12,0
2024-12-13,22.9,30.4,0.0,12.4,8.5,SW,35.0,16:33,28.4,57,7.0,NE,6,1004.2,26.4,69,6.0,W,15,1003.1,2024-12-13,0
2024-12-14,19.8,29.0,0.0,6.6,12.5,SW,35.0,14:07,24.9,57,0.0,SW,7,1006.0,24.3,60,1.0,SW,15,1005.5,2024-12-14,0
2024-12-15,18.8,25.4,0.0,8.6,12.4,SW,41.0,12:18,23.1,59,6.0,WSW,13,1009.1,23.3,48,3.0,WSW,20,1009.8,2024-12-15,0
2024-12-16,17.1,24.8,0.0,7.8,9.4,SW,33.0,14:37,20.1,57,7.0,S,13,1016.9,23.3,47,0.0,SSW,19,1015.3,2024-12-16,0
2024-12-17,15.6,36.5,0.0,8.4,13.1,S,35.0,16:58,24.4,42,0.0,E,11,1015.9,35.7,16,0.0,SE,6,1010.4,2024-12-17,0
2024-12-18,18.9,29.0,0.0,10.2,13.0,SSW,46.0,13:40,27.0,58,0.0,SSW,11,1009.8,26.6,57,0.0,SSW,20,1009.5,2024-12-18,0
2024-12-19,16.7,29.5,0.0,9.2,13.3,SSW,39.0,16:28,21.7,56,0.0,ESE,13,1016.1,27.5,44,0.0,SW,17,1013.4,2024-12-19,0
2024-12-20,15.8,35.2,0.0,10.8,13.2,E,31.0,07:56,22.8,39,0.0,E,15,1017.5,34.0,19,0.0,SE,13,1012.4,2024-12-20,0
2024-12-21,20.0,38.0,0.0,10.0,12.8,ESE,39.0,21:13,28.4,38,0.0,ENE,11,1014.5,36.3,26,1.0,SW,17,1010.6,2024-12-21,0
2024-12-22,20.8,41.2,0.0,13.4,13.2,E,37.0,00:30,28.1,36,0.0,E,13,1014.7,40.2,17,0.0,ESE,9,1009.3,2024-12-22,0
2024-12-23,25.1,43.4,0.0,14.0,13.2,N,39.0,11:06,34.6,15,6.0,NE,17,1008.6,36.1,19,1.0,SSW,19,1004.6,2024-12-23,0
2024-12-24,19.8,28.4,0.0,13.2,13.2,SSW,48.0,14:05,23.8,59,0.0,S,13,1009.7,25.9,52,0.0,SSW,22,1008.9,2024-12-24,0
2024-12-25,14.9,22.9,0.0,10.0,12.3,S,46.0,13:46,18.8,47,1.0,S,17,1016.8,22.0,44,3.0,SSW,22,1016.0,2024-12-25,0
2024-12-27,13.6,25.0,0.0,8.0,13.2,S,43.0,15:16,19.8,46,0.0,E,9,1023.6,23.9,47,0.0,S,22,1019.9,2024-12-27,0
2024-12-28,13.8,31.7,0.0,7.8,13.2,SSE,33.0,14:54,24.8,45,0.0,E,7,1019.2,29.4,28,0.0,SSE,20,1015.5,2024-12-28,0
2024-12-29,17.2,35.1,0.0,11.6,5.1,S,33.0,16:53,26.5,37,7.0,ESE,7,1011.8,32.9,22,7.0,SSE,11,1008.8,2024-12-29,0
2024-12-30,17.4,33.4,0.0,13.2,13.1,S,33.0,16:32,24.0,46,0.0,SSE,13,1016.7,30.1,42,0.0,S,17,1013.6,2024-12-30,0
2024-12-31,19.6,36.5,0.0,13.6,13.1,E,35.0,05:46,26.2,46,0.0,E,9,1015.8,33.9,33,0.0,SSW,17,1011.5,2024-12-31,0
2025-01-1,21.6,38.2,0.0,14.0,13.0,E,35.0,04:09,27.8,39,7.0,ENE,11,1012.4,35.1,29,1.0,WSW,13,1009.8,2025-01-01,1
2025-01-2,20.5,32.7,1.0,9.6,13.2,SSW,30.0,14:29,30.1,49,3.0,N,9,1011.6,28.1,55,1.0,SSW,15,1010.8,2025-01-02,0
2025-01-3,18.3,27.4,0.0,9.8,10.1,S,41.0,16:27,21.6,69,4.0,SSE,11,1013.4,26.0,52,6.0,S,17,1011.4,2025-01-03,0
2025-01-4,18.3,28.5,0.0,7.8,13.2,S,39.0,14:56,23.7,51,5.0,ESE,11,1014.8,26.2,45,2.0,S,20,1012.1,2025-01-04,0
2025-01-5,17.0,31.7,0.0,9.2,13.2,SSW,35.0,17:18,23.2,42,1.0,E,13,1015.8,30.0,36,0.0,SSW,17,1013.0,2025-01-05,0
2025-01-6,19.1,37.2,0.0,12.8,13.2,NE,37.0,07:33,27.9,37,1.0,ENE,15,1014.9,36.2,20,1.0,S,13,1010.5,2025-01-06,0
2025-01-9,14.0,29.6,0.0,8.4,13.1,SW,30.0,15:06,22.8,61,1.0,SSE,6,1014.3,27.1,50,1.0,WSW,13,1011.5,2025-01-09,0
2025-01-10,15.9,27.1,0.0,8.2,13.1,SW,39.0,14:03,24.0,69,2.0,SSW,9,1013.0,25.7,46,3.0,WSW,17,1012.6,2025-01-10,0
2025-01-11,17.6,30.1,0.0,8.6,13.1,SW,35.0,16:12,24.7,51,0.0,ENE,9,1014.0,27.9,48,0.0,SW,17,1010.6,2025-01-11,0
2025-01-12,18.3,27.3,0.0,8.8,13.1,SW,33.0,12:23,23.3,52,0.0,SW,17,1011.7,26.0,52,0.0,SW,17,1010.4,2025-01-12,0
2025-01-13,20.3,28.6,0.0,8.8,11.9,SSW,35.0,14:49,25.3,60,1.0,ESE,6,1010.1,26.7,58,5.0,SW,20,1008.0,2025-01-13,0
2025-01-14,19.0,25.7,0.0,8.8,12.4,SSW,41.0,18:26,23.0,55,3.0,SSW,19,1014.3,24.7,42,0.0,SSW,19,1013.6,2025-01-14,0
2025-01-15,15.8,28.7,0.0,9.4,13.1,SSW,37.0,15:35,21.7,41,1.0,E,11,1016.7,26.3,40,1.0,SSW,17,1012.6,2025-01-15,0
2025-01-16,15.7,40.6,0.0,9.6,13.2,ENE,33.0,09:11,28.1,27,0.0,ENE,13,1009.8,39.3,10,0.0,ENE,9,1003.0,2025-01-16,1
2025-01-17,23.3,26.3,0.2,11.0,3.7,SSW,35.0,20:18,23.5,85,8.0,SW,2,1003.1,25.3,66,7.0,W,13,1005.1,2025-01-17,1
2025-01-18,15.1,28.3,1.6,4.0,13.1,SW,39.0,17:20,21.0,47,0.0,SE,17,1014.8,26.7,43,1.0,SSW,20,1011.6,2025-01-18,0
2025-01-19,19.9,37.9,0.0,10.2,13.0,E,33.0,05:16,26.7,41,1.0,E,13,1012.4,35.4,33,1.0,SSW,17,1009.0,2025-01-19,0
2025-01-20,24.5,43.6,0.0,11.4,10.4,E,39.0,08:11,33.3,31,1.0,ENE,15,1008.6,41.3,14,6.0,E,6,1005.3,2025-01-20,0
2025-01-21,27.2,38.3,0.0,12.6,1.2,SW,28.0,12:04,34.6,26,7.0,ENE,4,1005.7,32.2,38,8.0,SSW,13,1005.8,2025-01-21,0
2025-01-22,25.5,38.4,0.0,8.4,6.2,SW,48.0,12:38,31.6,36,7.0,E,7,1007.4,34.7,32,7.0,S,13,1006.5,2025-01-22,0
2025-01-23,26.4,39.7,0.0,11.4,5.1,ENE,30.0,01:53,31.0,37,6.0,N,9,1009.2,33.2,40,6.0,W,13,1006.8,2025-01-23,0
2025-01-24,23.0,32.1,0.0,6.6,11.7,NW,50.0,15:16,29.3,62,1.0,NNW,7,1007.5,28.9,62,2.0,WNW,20,1005.4,2025-01-24,1
2025-01-25,21.7,29.9,2.4,8.2,6.3,NW,28.0,00:37,24.2,96,7.0,WNW,4,1008.2,28.8,62,6.0,W,13,1007.9,2025-01-25,1
2025-01-26,22.0,28.8,0.2,6.2,8.5,SSW,39.0,15:13,22.9,73,8.0,SSE,11,1012.6,26.9,54,0.0,SW,19,1011.0,2025-01-26,0
2025-01-27,17.6,31.2,0.0,8.0,13.0,SSW,41.0,16:09,23.4,57,1.0,E,9,1016.3,28.7,44,0.0,SSW,19,1013.6,2025-01-27,0
2025-01-28,18.3,37.2,0.0,11.4,12.7,ENE,31.0,03:56,24.0,47,0.0,ENE,15,1017.8,36.2,18,1.0,E,9,1014.4,2025-01-28,0
2025-01-29,21.7,39.9,0.0,10.8,12.4,SW,35.0,16:33,27.8,40,1.0,E,11,1015.4,39.6,18,0.0,S,9,1011.4,2025-01-29,0
2025-01-30,24.1,41.2,0.0,13.2,12.6,NNE,35.0,09:59,32.8,23,0.0,NE,15,1010.3,39.8,13,1.0,WSW,13,1006.0,2025-01-30,0
2025-01-31,20.8,31.8,0.0,10.0,10.5,SW,31.0,16:49,26.1,72,1.0,NNE,7,1006.9,31.0,53,1.0,SW,15,1005.7,2025-01-31,0
2025-02-1,18.5,33.9,0.0,8.0,12.7,SSW,33.0,16:28,23.9,63,1.0,SSE,9,1011.1,31.6,39,1.0,SW,17,1007.8,2025-02-01,0
2025-02-2,19.8,32.6,0.0,10.8,12.7,SSW,33.0,15:35,26.3,46,0.0,N,2,1009.3,28.6,45,0.0,WSW,17,1008.1,2025-02-02,0
2025-02-3,18.7,31.5,0.0,8.0,12.7,SSW,41.0,14:17,22.6,64,1.0,SSE,13,1012.8,28.8,49,0.0,SW,22,1009.8,2025-02-03,0
2025-02-4,18.2,36.0,0.0,11.2,12.7,E,44.0,07:02,23.0,46,0.0,E,15,1013.9,34.3,19,0.0,SE,11,1008.6,2025-02-04,0
2025-02-5,20.3,38.5,0.0,9.0,12.6,SW,39.0,16:12,27.9,45,1.0,E,11,1006.6,34.0,30,1.0,SSW,19,1002.9,2025-02-05,0
2025-02-6,23.4,33.5,0.0,12.0,12.3,SW,31.0,14:53,26.7,53,0.0,SSE,11,1006.1,32.0,42,0.0,WSW,20,1004.7,2025-02-06,0
2025-02-7,20.7,35.5,0.0,10.8,12.3,SW,31.0,15:38,25.4,55,6.0,SE,11,1009.8,32.9,41,1.0,SW,15,1005.3,2025-02-07,0
2025-02-8,21.6,36.6,0.0,9.4,11.1,ENE,30.0,00:53,26.8,53,6.0,NE,9,1005.1,35.6,34,5.0,SW,13,1000.9,2025-02-08,0
2025-02-9,22.1,27.4,0.0,8.4,9.7,WSW,43.0,15:19,24.6,67,5.0,W,13,1003.4,26.5,53,5.0,W,17,1003.5,2025-02-09,0
2025-02-10,19.2,28.9,0.0,8.0,6.0,WSW,31.0,15:22,23.9,64,7.0,NW,9,1007.2,27.6,46,2.0,WSW,17,1005.9,2025-02-10,0
2025-02-11,21.8,25.7,0.0,6.6,9.5,SW,54.0,15:37,24.2,53,7.0,SW,19,1008.2,23.0,46,6.0,SW,26,1010.1,2025-02-11,0
2025-02-12,14.4,25.0,0.0,8.4,12.2,WSW,46.0,14:01,19.9,58,1.0,SSE,17,1016.7,23.2,45,1.0,SW,20,1016.4,2025-02-12,0
2025-02-13,14.0,26.2,0.0,8.2,10.7,SE,43.0,10:36,18.7,55,5.0,ESE,11,1022.1,25.5,47,0.0,SSW,15,1016.7,2025-02-13,0
2025-02-14,16.3,32.1,0.0,8.0,12.3,ESE,31.0,07:29,21.2,54,0.0,E,13,1020.3,31.6,21,0.0,ESE,9,1015.3,2025-02-14,0
2025-02-15,17.6,36.1,0.0,9.2,12.3,NE,37.0,07:59,24.1,42,0.0,E,13,1015.8,36.0,18,0.0,NE,7,1011.0,2025-02-15,0
2025-02-16,17.7,36.0,0.0,10.8,12.3,SW,43.0,16:34,28.7,21,1.0,NE,17,1010.6,33.9,14,1.0,WSW,20,1007.5,2025-02-16,0
2025-02-17,19.4,35.7,0.0,9.8,11.4,E,31.0,14:13,26.2,45,5.0,NE,17,1012.7,35.4,19,5.0,ESE,13,1010.2,2025-02-17,0
2025-02-18,21.2,26.5,0.0,11.0,2.7,E,35.0,12:38,24.4,56,2.0,E,13,1016.9,24.2,59,7.0,E,15,1016.0,2025-02-18,0
2025-02-19,20.2,34.9,0.0,5.2,12.1,SE,41.0,17:13,25.2,57,1.0,E,15,1014.8,34.0,30,1.0,E,9,1010.3,2025-02-19,0
2025-02-20,19.7,28.6,0.0,8.6,11.7,WSW,30.0,13:35,25.5,67,2.0,SW,11,1013.5,27.2,55,1.0,SW,15,1012.6,2025-02-20,0
2025-02-21,20.7,26.2,0.0,6.2,8.5,SSW,43.0,19:59,23.7,56,6.0,SSW,9,1015.3,24.3,52,6.0,SW,17,1015.0,2025-02-21,0
2025-02-22,15.6,24.3,0.0,8.2,12.0,SW,41.0,15:34,18.3,37,1.0,SSE,19,1021.5,23.1,37,0.0,SSW,19,1018.1,2025-02-22,0
2025-02-23,15.3,32.9,0.0,8.8,12.1,SE,33.0,02:23,21.3,49,0.0,E,11,1019.8,31.4,23,0.0,ESE,11,1014.3,2025-02-23,0
2025-02-24,14.3,27.4,0.0,8.2,11.9,WSW,30.0,13:15,25.1,66,0.0,NE,9,1013.7,26.1,54,1.0,WSW,13,1014.5,2025-02-24,0
2025-02-25,18.1,27.3,0.0,6.6,10.4,SW,35.0,17:46,22.3,59,3.0,SSW,9,1019.5,26.1,54,7.0,SW,15,1018.1,2025-02-25,0
2025-02-26,19.3,33.0,0.0,7.2,5.9,SW,33.0,21:37,26.0,55,6.0,E,9,1018.9,28.0,51,8.0,SSW,11,1016.3,2025-02-26,0
2025-02-27,19.4,26.6,0.0,6.0,2.1,SSW,26.0,11:14,22.1,66,7.0,SE,2,1019.1,25.8,52,7.0,SSW,7,1017.7,2025-02-27,0
2025-02-28,16.3,29.7,0.0,4.6,12.0,SSW,37.0,14:41,23.5,58,0.0,E,7,1019.3,26.1,52,0.0,SSW,20,1017.5,2025-02-28,0
2025-03-1,16.6,30.6,0.0,4.6,11.7,SSW,35.0,16:41,21.6,59,0.0,SSE,15,1020.5,29.6,42,0.0,SSW,15,1016.4,2025-03-01,0
2025-03-2,17.3,35.3,0.0,7.0,11.8,ENE,30.0,05:56,24.5,51,0.0,E,9,1015.3,33.1,38,0.0,WSW,13,1011.0,2025-03-02,0
2025-03-3,20.4,27.1,0.0,7.6,10.3,SW,31.0,16:13,23.9,65,3.0,W,9,1014.2,25.2,60,3.0,SW,17,1014.1,2025-03-03,1
2025-03-4,17.8,27.3,2.2,9.0,8.9,SSW,35.0,09:18,21.3,65,5.0,S,17,1021.8,27.2,48,3.0,S,11,1020.4,2025-03-04,0
2025-03-5,16.1,33.2,0.0,7.4,11.7,ESE,41.0,00:25,20.9,47,0.0,E,15,1023.8,32.1,27,2.0,E,13,1018.4,2025-03-05,0
2025-03-6,20.9,40.3,0.0,11.8,11.6,NE,35.0,10:27,29.7,32,0.0,ENE,17,1017.2,38.6,20,1.0,SW,19,1012.1,2025-03-06,0
2025-03-7,20.2,28.4,0.0,8.6,10.1,SSW,33.0,17:36,25.4,70,1.0,S,6,1012.7,27.4,59,0.0,W,13,1008.9,2025-03-07,0
2025-03-8,19.5,26.9,0.0,7.0,9.8,SSW,41.0,20:06,22.1,69,4.0,SSW,4,1009.4,26.2,50,2.0,WSW,15,1008.4,2025-03-08,0
2025-03-9,15.1,26.0,0.0,8.0,11.4,SSW,41.0,16:09,19.2,57,,SSE,15,1017.9,24.5,45,1.0,SW,20,1015.7,2025-03-09,0
2025-03-10,16.6,29.6,0.0,6.4,11.6,SW,31.0,16:00,21.9,55,1.0,E,7,1019.9,28.4,42,0.0,SW,15,1014.6,2025-03-10,0
2025-03-11,18.6,33.4,0.0,7.8,11.5,SW,37.0,17:20,23.4,54,0.0,E,13,1011.8,31.6,38,0.0,SSW,13,1006.4,2025-03-11,0
2025-03-12,19.0,25.9,0.0,7.8,0.7,W,22.0,11:50,23.7,81,7.0,NW,7,1007.9,25.6,64,8.0,W,7,1006.6,2025-03-12,0
2025-03-13,18.6,28.8,0.0,1.8,4.8,SW,28.0,15:57,23.0,72,7.0,WNW,6,1010.5,21.0,93,7.0,SSW,2,1009.0,2025-03-13,1
2025-03-14,18.4,26.1,13.4,5.0,9.6,NW,37.0,14:49,22.5,65,1.0,N,9,1010.7,24.2,60,3.0,NW,13,1011.1,2025-03-14,0
2025-03-15,17.7,26.6,0.0,4.4,9.4,SSE,33.0,18:01,20.4,78,5.0,SSE,11,1020.3,25.5,58,6.0,SSW,15,1019.0,2025-03-15,0
2025-03-16,17.2,29.4,0.0,4.8,11.2,E,43.0,09:35,22.1,60,1.0,E,15,1025.5,29.0,38,0.0,E,13,1021.3,2025-03-16,0
2025-03-17,16.4,31.5,0.0,8.6,11.2,E,33.0,05:31,20.7,56,0.0,E,11,1022.1,30.3,24,0.0,ENE,13,1016.0,2025-03-17,0
2025-03-18,13.3,32.1,0.0,8.0,11.0,SSW,30.0,15:32,24.0,40,1.0,NE,13,1014.1,28.9,28,6.0,SW,17,1009.7,2025-03-18,0
2025-03-19,19.2,26.3,0.0,7.0,10.6,SW,39.0,14:12,22.2,58,1.0,S,15,1011.1,24.3,60,2.0,SSW,22,1010.7,2025-03-19,0
2025-03-20,14.5,27.7,0.0,6.6,11.1,SW,33.0,16:45,19.5,52,0.0,E,11,1018.4,26.3,36,0.0,S,13,1014.5,2025-03-20,0
2025-03-21,10.9,32.2,0.0,8.4,11.2,SSW,30.0,15:52,22.8,39,0.0,ENE,7,1015.9,30.8,29,0.0,SSW,15,1012.0,2025-03-21,0
2025-03-22,14.8,34.7,0.0,5.8,11.1,SW,22.0,12:53,24.7,39,0.0,SW,6,1013.0,33.3,27,1.0,WSW,11,1010.4,2025-03-22,0
2025-03-23,15.7,33.3,0.0,4.4,10.9,WSW,24.0,15:20,22.8,64,0.0,SSE,9,1016.0,32.2,38,0.0,SW,13,1012.6,2025-03-23,0
2025-03-24,20.2,40.1,0.0,7.2,11.0,NE,31.0,12:29,28.4,44,0.0,ENE,9,1014.9,37.9,14,0.0,WSW,13,1011.0,2025-03-24,0
2025-03-25,16.8,36.7,0.0,8.8,10.8,SSW,30.0,16:32,27.7,32,2.0,NNE,6,1014.7,35.8,18,3.0,WSW,13,1011.5,2025-03-25,0
2025-03-26,19.6,38.2,0.0,10.4,10.9,N,30.0,09:25,27.1,46,0.0,N,9,1016.3,38.0,10,0.0,ENE,13,1011.8,2025-03-26,0
2025-03-27,19.5,37.5,0.0,10.6,9.7,NE,30.0,09:55,29.5,24,6.0,NE,9,1014.7,37.5,15,7.0,SSE,7,1011.2,2025-03-27,0
2025-03-28,17.4,36.5,0.0,8.2,11.0,SW,26.0,16:13,28.3,30,0.0,NE,9,1011.8,33.9,17,0.0,SW,17,1009.7,2025-03-28,0
2025-03-29,20.6,37.8,0.0,9.2,10.6,E,44.0,22:19,25.8,49,1.0,ESE,7,1011.6,36.0,23,3.0,S,15,1008.2,2025-03-29,1
2025-03-30,20.6,29.2,3.4,11.6,6.8,NE,50.0,10:14,23.9,48,3.0,ENE,22,1013.6,26.8,43,1.0,ENE,17,1013.0,2025-03-30,0
2025-03-31,18.9,33.3,0.0,7.6,10.8,NE,31.0,10:26,24.2,53,0.0,ENE,13,1014.6,32.9,30,1.0,NE,9,1009.9,2025-03-31,0
2025-04-1,16.9,32.0,0.0,6.8,10.5,SSW,35.0,14:58,26.5,47,1.0,SSE,6,1012.7,28.7,51,2.0,SW,17,1010.9,2025-04-01,0
2025-04-2,19.4,30.0,0.0,8.0,7.2,ESE,35.0,08:21,21.5,61,3.0,E,13,1018.2,28.8,39,4.0,ESE,11,1015.4,2025-04-02,0
2025-04-3,17.7,30.0,0.0,10.0,4.6,NE,37.0,10:41,22.3,50,2.0,ENE,13,1016.9,29.2,37,7.0,NE,9,1013.8,2025-04-03,0
2025-04-4,19.6,23.4,0.0,7.4,2.5,ESE,50.0,18:34,21.9,51,7.0,ENE,19,1013.9,19.2,64,7.0,E,20,1013.7,2025-04-04,1
2025-04-5,18.1,27.7,0.8,4.8,8.0,ENE,56.0,01:31,23.0,46,6.0,ENE,20,1013.4,26.1,39,7.0,ENE,13,1011.7,2025-04-05,0
2025-04-6,18.2,30.5,0.0,4.8,10.0,ESE,26.0,00:19,23.2,58,2.0,ENE,7,1014.1,29.0,40,3.0,WSW,13,1012.5,2025-04-06,0
2025-04-7,15.8,28.2,0.0,6.0,10.3,WSW,26.0,14:53,23.2,66,6.0,WSW,6,1016.1,26.9,56,2.0,WSW,15,1014.8,2025-04-07,0
2025-04-8,17.1,27.4,0.0,4.8,9.9,SW,30.0,15:47,23.4,75,1.0,W,6,1018.8,25.8,60,1.0,WSW,13,1017.7,2025-04-08,0
2025-04-9,18.4,25.6,0.0,4.6,7.2,SSW,33.0,15:52,20.6,75,7.0,SSE,7,1021.9,25.0,51,1.0,SSW,13,1019.3,2025-04-09,0
2025-04-10,15.0,28.8,0.0,4.6,10.4,SSW,24.0,15:23,19.9,65,0.0,SSE,9,1021.1,27.8,43,0.0,SSW,11,1017.2,2025-04-10,0
2025-04-11,17.4,34.2,0.0,6.0,10.4,NNE,39.0,09:16,25.3,39,1.0,NE,22,1014.9,32.4,33,1.0,SW,7,1010.8,2025-04-11,1
2025-04-12,18.8,27.4,1.4,7.0,10.1,SSW,31.0,16:06,23.4,69,4.0,SSW,7,1012.8,26.6,57,1.0,SSW,13,1012.9,2025-04-12,1
2025-04-13,18.3,28.3,0.2,4.6,7.7,WSW,48.0,23:04,23.3,62,4.0,ESE,9,1016.6,28.0,44,6.0,SSW,7,1013.1,2025-04-13,1
2025-04-14,16.2,25.0,4.0,3.4,9.5,SW,30.0,13:18,21.2,83,1.0,SE,2,1015.0,24.0,60,1.0,SW,13,1014.8,2025-04-14,0
2025-04-15,13.1,25.9,0.0,5.2,10.5,SW,31.0,17:11,19.7,66,0.0,ENE,7,1020.0,25.6,38,2.0,WSW,11,1017.2,2025-04-15,0
2025-04-16,12.5,27.5,0.0,4.0,9.7,SW,33.0,16:28,18.9,59,7.0,SE,9,1019.2,25.5,46,6.0,SSW,17,1015.2,2025-04-16,0
2025-04-17,16.9,26.1,0.0,4.8,10.3,SSW,50.0,18:26,19.5,63,1.0,S,9,1013.9,23.2,57,1.0,SW,24,1011.8,2025-04-17,0
2025-04-18,11.1,22.0,0.0,5.8,9.8,SW,33.0,14:39,15.2,72,2.0,SSE,13,1018.1,21.0,45,5.0,SW,17,1015.8,2025-04-18,0
2025-04-19,8.9,22.3,0.0,4.2,10.4,SE,28.0,17:54,16.1,55,0.0,E,7,1022.0,21.1,35,6.0,SE,7,1018.6,2025-04-19,0
2025-04-20,10.8,24.4,0.0,3.6,10.4,NE,33.0,13:31,17.5,58,1.0,E,9,1021.2,23.9,30,1.0,ENE,11,1017.1,2025-04-20,0
2025-04-21,14.5,28.2,0.0,5.0,8.7,NE,37.0,20:16,20.9,48,1.0,ENE,13,1018.1,27.4,38,2.0,NNE,20,1014.7,2025-04-21,0
2025-04-22,20.2,32.7,0.0,6.0,10.0,NNE,37.0,02:39,24.4,37,4.0,NE,15,1016.8,30.2,27,3.0,W,11,1013.3,2025-04-22,1
2025-04-23,19.0,27.0,0.6,7.0,5.4,WSW,39.0,15:22,21.0,86,6.0, ,Calm,1014.1,23.1,65,8.0,WSW,15,1012.9,2025-04-23,1
2025-04-24,14.1,21.4,2.2,2.4,9.9,SW,39.0,01:43,16.6,75,2.0,S,15,1022.2,20.8,44,3.0,SSE,15,1022.1,2025-04-24,0
2025-04-25,7.2,22.6,0.0,6.6,9.0,SE,31.0,12:16,14.8,66,0.0,SE,9,1027.6,20.9,37,3.0,SSE,9,1023.8,2025-04-25,0
2025-04-26,8.4,22.6,0.0,3.8,9.2,SW,30.0,16:25,16.8,67,5.0,ENE,7,1026.6,21.8,43,4.0,SW,13,1022.6,2025-04-26,0
2025-04-27,7.3,23.4,0.0,2.6,9.2,SSW,28.0,16:32,14.7,65,2.0, ,Calm,1026.2,22.3,42,2.0,S,7,1022.6,2025-04-27,0
2025-04-28,11.3,24.5,0.0,3.6,10.1,E,28.0,11:44,17.5,65,0.0,ENE,9,1027.5,23.7,32,1.0,ESE,9,1024.2,2025-04-28,0
2025-04-29,9.7,25.5,0.0,3.2,9.5,NE,28.0,10:39,17.8,63,1.0,ENE,9,1027.3,24.6,35,3.0,ENE,9,1024.3,2025-04-29,0
2025-04-30,12.3,28.5,0.0,4.0,9.9,N,28.0,10:51,20.2,48,0.0,ENE,11,1025.5,28.1,28,0.0,E,6,1021.9,2025-04-30,0
2025-05-1,12.2,31.6,0.0,5.8,9.9,N,39.0,12:11,22.6,35,7.0,NE,15,1021.3,27.3,32,7.0,NW,13,1018.1,2025-05-01,0
2025-05-2,16.7,27.7,0.0,4.4,5.8,WNW,35.0,13:17,19.4,71,7.0,NNE,9,1015.9,26.5,45,3.0,NW,13,1013.1,2025-05-02,1
2025-05-3,19.1,21.8,6.6,4.4,4.6,SW,43.0,10:40,19.9,77,5.0,SW,17,1014.1,21.4,51,6.0,WSW,17,1014.1,2025-05-03,0
2025-05-4,13.2,21.7,0.0,2.8,3.5,SW,30.0,09:57,20.3,47,5.0,WSW,9,1018.1,20.4,58,7.0,WSW,13,1018.4,2025-05-04,1
2025-05-5,13.8,22.6,1.2,2.2,0.5,SW,20.0,16:19,16.0,98,8.0,NNE,2,1024.0,21.7,56,7.0,SSW,6,1022.4,2025-05-05,0
2025-05-6,9.8,24.0,0.0,2.0,9.5,SW,26.0,16:34,17.2,73,4.0,SSW,7,1026.3,22.7,50,1.0,SSW,13,1023.5,2025-05-06,0
2025-05-7,9.0,25.4,0.0,2.6,9.7,ENE,26.0,05:35,16.3,76,1.0,NE,9,1026.7,25.1,41,1.0,ENE,9,1021.5,2025-05-07,0
2025-05-8,13.7,31.1,0.0,3.8,9.7,ENE,31.0,09:17,19.8,58,1.0,NE,13,1022.4,30.0,25,1.0,SE,4,1018.6,2025-05-08,0
2025-05-9,12.3,33.8,0.0,4.6,9.8,NNW,28.0,15:17,22.4,45,0.0,NE,9,1020.8,32.6,19,0.0,NW,9,1017.2,2025-05-09,0
2025-05-10,14.3,25.9,0.0,4.8,9.7,SSW,30.0,15:45,20.0,82,1.0,ESE,6,1021.5,25.6,50,2.0,SW,13,1019.3,2025-05-10,0
2025-05-11,15.7,26.2,0.0,2.4,9.6,SE,24.0,01:46,19.0,70,1.0,E,9,1023.5,25.7,46,1.0,SSE,11,1020.3,2025-05-11,0
2025-05-12,14.7,24.4,0.0,5.0,9.5,SSW,33.0,15:45,18.5,70,0.0,E,9,1022.6,22.4,58,0.0,SSW,20,1021.4,2025-05-12,0
2025-05-13,14.3,24.8,0.0,4.6,9.4,SE,30.0,03:46,17.6,71,1.0,ESE,9,1028.1,24.6,42,1.0,SE,15,1025.5,2025-05-13,0
2025-05-14,13.3,25.5,0.0,3.4,9.5,E,26.0,09:25,16.5,67,0.0,E,9,1029.7,25.4,37,,SE,6,1026.5,2025-05-14,0
2025-05-15,11.8,26.3,0.0,4.8,9.5,NNE,22.0,11:01,17.1,60,,ENE,7,1026.8,25.2,32,0.0,SW,11,1023.2,2025-05-15,0
2025-05-16,9.7,27.1,0.0,3.4,9.5,NE,20.0,10:55,17.8,60,0.0,ENE,6,1025.3,26.4,29,1.0,NE,4,1022.4,2025-05-16,0
2025-05-17,9.5,26.8,0.0,4.0,9.5,NE,30.0,10:57,18.0,50,1.0,NE,11,1026.4,25.8,23,1.0,ENE,4,1023.0,2025-05-17,0
2025-05-18,7.3,26.7,0.0,4.2,9.5,NNE,35.0,10:25,18.1,39,0.0,NE,13,1025.3,26.0,23,0.0,N,7,1021.1,2025-05-18,0
2025-05-19,7.5,24.7,0.0,3.6,8.0,SW,48.0,14:51,16.5,46,1.0,NW,7,1021.6,20.4,68,3.0,SSW,22,1021.6,2025-05-19,0
2025-05-20,6.0,21.6,0.0,3.0,9.4,ENE,24.0,10:33,12.8,71,0.0, ,Calm,1030.7,20.8,35,0.0,ESE,7,1027.4,2025-05-20,0
2025-05-21,8.3,25.1,0.0,3.6,9.3,NE,22.0,10:31,15.3,59,0.0,ENE,7,1028.7,24.6,32,0.0,SW,7,1024.4,2025-05-21,0
2025-05-22,7.2,23.7,0.0,2.8,6.2,SSW,33.0,23:16,14.5,57,5.0,WSW,9,1021.0,22.1,58,7.0,W,13,1016.4,2025-05-22,1
2025-05-23,11.6,16.2,11.4,2.2,5.6,SSE,41.0,00:54,11.8,85,3.0,SSE,9,1017.8,15.9,57,2.0,SSW,15,1016.6,2025-05-23,1
